{"cameraMode":{"drawMode":0,"name":"Shaded","section":"Shading Mode"},"sceneLighting":true,"audioPlay":false,"sceneViewState":{"showFog":true,"showMaterialUpdate":true,"showSkybox":true,"showFlares":true,"showImageEffects":true,"showParticleSystems":true},"in2DMode":false,"pivot":{"x":-19.19478416442871,"y":0.7682778835296631,"z":-42.94334411621094},"rotation":{"x":0.24223938584327699,"y":0.6357826590538025,"z":-0.22031792998313905,"w":0.6989710927009583},"size":46.307334899902347,"orthographic":false}