{"cameraMode":{"drawMode":0,"name":"Shaded","section":"Shading Mode"},"sceneLighting":false,"audioPlay":false,"sceneViewState":{"showFog":true,"showMaterialUpdate":true,"showSkybox":true,"showFlares":true,"showImageEffects":true,"showParticleSystems":true},"in2DMode":false,"pivot":{"x":-2.499994993209839,"y":-0.09739789366722107,"z":-5.0},"rotation":{"x":0.26438358426094057,"y":-0.14913411438465119,"z":0.0414217934012413,"w":0.9519162774085999},"size":18.450353622436525,"orthographic":false}