{"cameraMode":{"drawMode":0,"name":"Shaded","section":"Shading Mode"},"sceneLighting":false,"audioPlay":false,"sceneViewState":{"showFog":true,"showMaterialUpdate":true,"showSkybox":true,"showFlares":true,"showImageEffects":true,"showParticleSystems":true},"in2DMode":false,"pivot":{"x":-4.320000171661377,"y":1.2899999618530274,"z":-3.4699997901916506},"rotation":{"x":-0.04331932216882706,"y":-0.3298646807670593,"z":-0.015130423940718174,"w":0.9429123997688294},"size":46.23726272583008,"orthographic":false}