{"cameraMode":{"drawMode":0,"name":"Shaded","section":"Shading Mode"},"sceneLighting":true,"audioPlay":false,"sceneViewState":{"showFog":true,"showMaterialUpdate":true,"showSkybox":true,"showFlares":true,"showImageEffects":true,"showParticleSystems":true},"in2DMode":false,"pivot":{"x":-62.920955657958987,"y":2.198991537094116,"z":-38.00267791748047},"rotation":{"x":-0.24380037188529969,"y":-0.704594075679779,"z":0.2851771414279938,"w":-0.6023144125938416},"size":75.69590759277344,"orthographic":false}