{"cameraMode":{"drawMode":0,"name":"Shaded","section":"Shading Mode"},"sceneLighting":false,"audioPlay":false,"sceneViewState":{"showFog":true,"showMaterialUpdate":true,"showSkybox":true,"showFlares":true,"showImageEffects":true,"showParticleSystems":true},"in2DMode":false,"pivot":{"x":-0.004407703876495361,"y":0.042815446853637698,"z":-0.041631460189819339},"rotation":{"x":-0.3006542921066284,"y":0.2976062595844269,"z":-0.09937310218811035,"w":-0.9006455540657044},"size":2.091919183731079,"orthographic":false}