{"cameraMode":{"drawMode":0,"name":"Shaded","section":"Shading Mode"},"sceneLighting":true,"audioPlay":false,"sceneViewState":{"showFog":true,"showMaterialUpdate":true,"showSkybox":true,"showFlares":true,"showImageEffects":true,"showParticleSystems":true},"in2DMode":false,"pivot":{"x":-56.927696228027347,"y":12.528946876525879,"z":-28.347339630126954},"rotation":{"x":-0.2592048943042755,"y":-0.5991814136505127,"z":0.21369367837905885,"w":-0.726725161075592},"size":35.702781677246097,"orthographic":false}